item_type,date_uploaded,source_file,item_id,title,date,source_url,phys_format,dig_format,rights,image_url,creators,description,subject_headings,source_collection,url,notes
Item,2024-12-14,item-metadata\item_metadata-cph.3b41963.json,91787443,"Carnegie Library, Cordele, Georgia",1916-01-01,https://www.loc.gov/item/91787443/,"{'photo, print, drawing': 'https://www.loc.gov/search/?fa=original_format:photo,+print,+drawing&fo=json'}",Image,No known restrictions on publication.,https://tile.loc.gov/storage-services/service/pnp/cph/3b40000/3b41000/3b41900/3b41963v.jpg#h=823&w=1024,[],"Photo shows a group of children posed on and in front of steps, roof and dome draped with stars and stripes banners. A Carnegie grant for $10,000 in 1903 funded this building, with an  additional $7,556 in 1916 for remodeling. Still used as a public library.",['Libraries--Georgia--Cordele--1910-1920'],Not found,https://www.loc.gov/pictures/item/91787443/,"['At bottom right of photo: ""Cordele Book Co.""', 'Wittemann Collection.']"
Item,2024-12-14,item-metadata\item_metadata-cph.3b43255.json,89710983,Silence / Mabel Dwight.,1939-01-01,https://www.loc.gov/item/89710983/,"{'photo, print, drawing': 'https://www.loc.gov/search/?fa=original_format:photo,+print,+drawing&fo=json'}",Image,"No known restrictions on publication. For more information, see Federal Art Project (FAP) Prints  - Rights and Restrictions Information http://hdl.loc.gov/loc.pnp/res.750.fap",https://tile.loc.gov/storage-services/service/pnp/cph/3b40000/3b43000/3b43200/3b43255r.jpg#h=422&w=640,"['Dwight, Mabel, 1876-1955, artist.']",Group of people reading in library.,"['Reading rooms--1930-1940', 'Reading--1930-1940']",Not found,https://www.loc.gov/pictures/item/89710983/,"['Signed in pencil.', '""Federal Art Project, NYC WPA.""']"
Item,2024-12-14,item-metadata\item_metadata-cph.3c18157.json,97511671,"Carnegie Library, Sheldon, Iowa",1909-01-01,https://www.loc.gov/item/97511671/,"{'photo, print, drawing': 'https://www.loc.gov/search/?fa=original_format:photo,+print,+drawing&fo=json'}",Image,Undetermined,https://tile.loc.gov/storage-services/service/pnp/cph/3c10000/3c18000/3c18100/3c18157v.jpg#h=824&w=1024,[],"Exterior of library, with six people on steps.",['Libraries--Iowa--Sheldon--1900-1910'],Not found,https://www.loc.gov/pictures/item/97511671/,"['H125256 U.S. Copyright Office.', 'No. 1.']"
Item,2024-12-14,item-metadata\item_metadata-cph.3f05168.json,98508385,"Curb service 10,000 current books - convenient, free, time saving : Chicago Public Library, Randolph St. corridor.",1936-01-01,https://www.loc.gov/item/98508385/,"{'photo, print, drawing': 'https://www.loc.gov/search/?fa=original_format:photo,+print,+drawing&fo=json'}",Image,No known restrictions on publication.,https://tile.loc.gov/storage-services/service/pnp/cph/3f00000/3f05000/3f05100/3f05168v.jpg#h=1024&w=708,"['Federal Art Project, sponsor.']","Poster for bookmobile service of the Chicago Public Library, showing a traffic light.","['Chicago Public Library--Public relations--1930-1950', 'Bookmobiles--Illinois--Chicago--1930-1950', 'Libraries--Illinois--Chicago--1930-1950']",Not found,//www.loc.gov/pictures/item/98508385/,"['Date stamped on verso: Mar 25 1941.', 'Work Projects Administration Poster Collection (Library of Congress).']"
Item,2024-12-14,item-metadata\item_metadata-cph.3f05183.json,98508155,For greater knowledge on more subjects use your library more often,1936-01-01,https://www.loc.gov/item/98508155/,"{'photo, print, drawing': 'https://www.loc.gov/search/?fa=original_format:photo,+print,+drawing&fo=json'}",Image,No known restrictions on publication.,https://tile.loc.gov/storage-services/service/pnp/cph/3f00000/3f05000/3f05100/3f05183v.jpg#h=1024&w=705,"['Federal Art Project, sponsor']","Poster showing a mortarboard and a pair of glasses superimposed over a globe, promoting use of libraries.","['Libraries--Illinois--Chicago--1930-1950', 'Education--Illinois--Chicago--1930-1950']",Not found,https://www.loc.gov/pictures/item/98508155/,"['Work Projects Administration Poster Collection (Library of Congress).', 'Date stamped on verso: Jan 24 1941.']"
Item,2024-12-14,item-metadata\item_metadata-det.4a17925.json,2016809661,"[Cossitt Library, Memphis, Tenn.]",1906-01-01,https://www.loc.gov/item/2016809661/,"{'photo, print, drawing': 'https://www.loc.gov/search/?fa=original_format:photo,+print,+drawing&fo=json'}",Image,No known restrictions on publication.,https://tile.loc.gov/storage-services/service/pnp/det/4a10000/4a17000/4a17900/4a17925v.jpg#h=814&w=1024,"['Detroit Publishing Co., publisher.']",Not found,"['Libraries', 'United States--Tennessee--Memphis']",Detroit Publishing Company photograph collection (Library of Congress),//www.loc.gov/pictures/item/2016809661/,"['Title from jacket.', '""G 3834"" on negative.', 'Detroit Publishing Co. no. 034336.', 'Gift; State Historical Society of Colorado; 1949.']"
Item,2024-12-14,item-metadata\item_metadata-det.4a23603.json,2016815290,"Little Rock Public Library, Little Rock, Ark.",1905-01-01,https://www.loc.gov/item/2016815290/,"{'photo, print, drawing': 'https://www.loc.gov/search/?fa=original_format:photo,+print,+drawing&fo=json'}",Image,No known restrictions on publication.,https://tile.loc.gov/storage-services/service/pnp/det/4a20000/4a23000/4a23600/4a23603v.jpg#h=820&w=1024,"['Detroit Publishing Co., copyright claimant, publisher.']",Not found,"['Libraries', 'United States--Arkansas--Little Rock']",Detroit Publishing Company photograph collection (Library of Congress),//www.loc.gov/pictures/item/2016815290/,"['""G 6758"" on negative.', 'Detroit Publishing Co. no. 071740.', 'Gift; State Historical Society of Colorado; 1949.']"
Item,2024-12-14,item-metadata\item_metadata-ds.06507.json,2014650180,"Buffalo, N.Y. -  Public library - children's room",1900-01-01,https://www.loc.gov/item/2014650180/,"{'photo, print, drawing': 'https://www.loc.gov/search/?fa=original_format:photo,+print,+drawing&fo=json'}",Image,No known restrictions on publication.,https://tile.loc.gov/storage-services/service/pnp/ds/06500/06507v.jpg#h=826&w=1024,"['Handy, Levin C. (Levin Corbin), 1855-1932.']","Photograph shows girls and boys reading in the children's room at the public library in Buffalo, New York.","['Public libraries--New York (State)--Buffalo--1890-1910', 'Children--New York (State)--Buffalo--1890-1910', 'Reading--New York (State)--Buffalo--1890-1910']",Not found,https://www.loc.gov/pictures/item/2014650180/,"['Title from item.', 'Handwritten on recto: ""card 125, 1 plate, total 8.""', 'Stamped on recto: ""Negative by L.C. Handy.""', 'Print from copy negative by L.C. Handy.']"
Item,2024-12-14,item-metadata\item_metadata-ds.06560.json,2014647618,Main public library building - Detroit,1921,https://www.loc.gov/item/2014647618/,"{'photo, print, drawing': 'https://www.loc.gov/search/?fa=original_format:photo,+print,+drawing&fo=json'}",Image,No known restrictions on publication.,https://tile.loc.gov/storage-services/service/pnp/ds/06500/06560v.jpg#h=727&w=1024,"['Gilbert, Cass, 1859-1934, architect']","Photograph shows view of Carnegie library in Detroit, Michigan.","['Detroit Public Library--Buildings--1920-1930', 'Berry Brothers--Public relations--1920-1930', 'Carnegie libraries--Michigan--Detroit--1920-1930', 'Public libraries--Michigan--Detroit--1920-1930']",Not found,https://www.loc.gov/pictures/item/2014647618/,"['Title from item.', 'Includes advertisement for Berry Brothers, varnishes and paint specialties.', 'Library designed by Cass Gilbert.', '(PR 06 CN 037).']"
Item,2024-12-14,item-metadata\item_metadata-fsa.8b14169.json,2017762724,"Newspaper reading room of public library. Omaha, Nebraska",1938-01-01,https://www.loc.gov/item/2017762724/,"{'photo, print, drawing': 'https://www.loc.gov/search/?fa=original_format:photo,+print,+drawing&fo=json'}",Image,"No known restrictions. For information, see U.S. Farm Security Administration/Office of War Information Black & White Photographs https://www.loc.gov/rr/print/res/071_fsab.html",https://tile.loc.gov/storage-services/service/pnp/fsa/8b14000/8b14100/8b14169v.jpg#h=783&w=1024,"['Vachon, John, 1914-1975, photographer.']",Not found,"['United States--Nebraska--Douglas County--Omaha', 'Omaha--Nebraska']",Farm Security Administration - Office of War Information Photograph Collection (Library of Congress),//www.loc.gov/pictures/item/2017762724/,"['Title and other information from caption card.', 'Transfer; United States. Office of War Information. Overseas Picture Division. Washington Division; 1944.', 'More information about the FSA/OWI Collection is available at http://hdl.loc.gov/loc.pnp/pp.fsaowi', 'Temp. note: usf34batch1']"
Item,2024-12-14,item-metadata\item_metadata-fsa.8b32222.json,2017770391,"Public library in the southwestern section of Mississippi, in the piney woods",1937-01-01,https://www.loc.gov/item/2017770391/,"{'photo, print, drawing': 'https://www.loc.gov/search/?fa=original_format:photo,+print,+drawing&fo=json'}",Image,"No known restrictions. For information, see U.S. Farm Security Administration/Office of War Information Black & White Photographs https://www.loc.gov/rr/print/res/071_fsab.html",https://tile.loc.gov/storage-services/service/pnp/fsa/8b32000/8b32200/8b32222v.jpg#h=1024&w=963,"['Lange, Dorothea, photographer.']",Not found,"['United States--Mississippi', 'Rural housing--Mississippi']",Farm Security Administration - Office of War Information Photograph Collection (Library of Congress),//www.loc.gov/pictures/item/2017770391/,"['Title and other information from caption card.', 'Transfer; United States. Office of War Information. Overseas Picture Division. Washington Division; 1944.', 'More information about the FSA/OWI Collection is available at http://hdl.loc.gov/loc.pnp/pp.fsaowi', 'Temp. note: usf34batch2', 'Film copy on SIS roll 27, frame 1386.']"
Item,2024-12-14,item-metadata\item_metadata-fsa.8c22565.json,2017815837,"Library tent at the FSA (Farm Security Administration) mobile camp for migratory farm workers. Odell, Oregon. The girls working in the library receive credit in the Junior Campers League for work in the library",1941-01-01,https://www.loc.gov/item/2017815837/,"{'photo, print, drawing': 'https://www.loc.gov/search/?fa=original_format:photo,+print,+drawing&fo=json'}",Image,"No known restrictions. For information, see U.S. Farm Security Administration/Office of War Information Black & White Photographs https://www.loc.gov/rr/print/res/071_fsab.html",https://tile.loc.gov/storage-services/service/pnp/fsa/8c22000/8c22500/8c22565v.jpg#h=787&w=1024,"['Lee, Russell, 1903-1986, photographer.']",Not found,['United States--Oregon--Hood River County--Odell'],Farm Security Administration - Office of War Information Photograph Collection (Library of Congress),//www.loc.gov/pictures/item/2017815837/,"['Title and other information from caption card.', 'Transfer; United States. Office of War Information. Overseas Picture Division. Washington Division; 1944.', 'More information about the FSA/OWI Collection is available at http://hdl.loc.gov/loc.pnp/pp.fsaowi', 'Temp. note: usf34batch8', 'Film copy on SIS roll 11, frame 1464.']"
Item,2024-12-14,item-metadata\item_metadata-fsa.8d24709.json,2017843202,"Daytona Beach, Florida. Bethune-Cookman College. Students in the library reading room",1943-01-01,https://www.loc.gov/item/2017843202/,"{'photo, print, drawing': 'https://www.loc.gov/search/?fa=original_format:photo,+print,+drawing&fo=json'}",Image,"No known restrictions. For information, see U.S. Farm Security Administration/Office of War Information Black & White Photographs https://www.loc.gov/rr/print/res/071_fsab.html",https://tile.loc.gov/storage-services/service/pnp/fsa/8d24000/8d24700/8d24709v.jpg#h=1024&w=976,"['Parks, Gordon, 1912-2006, photographer.']",Not found,['United States--Florida--Volusia County--Daytona Beach'],Farm Security Administration - Office of War Information photograph collection (Library of Congress),//www.loc.gov/pictures/item/2017843202/,"['Title and other information from caption card.', 'Transfer; United States. Office of War Information. Overseas Picture Division. Washington Division; 1944.', 'More information about the FSA/OWI Collection is available at http://hdl.loc.gov/loc.pnp/pp.fsaowi', 'Temp. note: owibatch3', 'Film copy on SIS roll 12, frame 598.']"
Item,2024-12-14,item-metadata\item_metadata-g3851e.ct006252.json,87694100,"Libraries, Washington D.C.",1926-01-01,https://www.loc.gov/item/87694100/,{'map': 'https://www.loc.gov/search/?fa=original_format:map&fo=json'},Image,Undetermined,https://tile.loc.gov/image-services/iiif/service:gmd:gmd385:g3851:g3851e:ct006252/full/pct:25/0/default.jpg#h=1205&w=1684,['Library of Congress. Map Division.'],Not found,"['Libraries--Washington (D.C.)--Maps', 'Libraries--Washington (D.C.)--Statistics', 'Manuscript maps', 'United States--District of Columbia--Washington']",Not found,Not found,"['Ms. (india ink and typescript) on photocopy base map.', 'Shows no. of vols. per library.', 'Assemblage of several sheets mounted together on cloth backing.', 'Internal portions excised from base map.', 'Indexed.', 'Vault', 'DCP']"
Item,2024-12-14,item-metadata\item_metadata-hhh.ak0345.photos.json,ak0345,"Juneau Public Library, 292 Marine Way, Juneau, Juneau Borough, AK",Not found,https://www.loc.gov/item/ak0345/,"{'photo, print, drawing': 'https://www.loc.gov/search/?fa=original_format:photo,+print,+drawing&fo=json'}",Image,No known restrictions on images made by the U.S. Government; images     copied from other sources may be restricted.    https://www.loc.gov/rr/print/res/114_habs.html,https://tile.loc.gov/storage-services/service/pnp/habshaer/ak/ak0300/ak0345/photos/033063pv.jpg#h=817&w=1024,"['historic american buildings survey', 'hoagland, alison k.', 'lowe, jet', 'society of architectural historians']",Not found,"['libraries', 'Alaska--Juneau Borough--Juneau']",Historic American Buildings Survey (Library of Congress),https://www.loc.gov/pictures/item/ak0345/,['Survey number: HABS AK-113 ']
Item,2024-12-14,item-metadata\item_metadata-hhh.dc0121.photos.json,dc0121,"Georgetown University, Healy Building, Thirty-seventh & O Streets, Northwest, Washington, District of Columbia, DC",Not found,https://www.loc.gov/item/dc0121/,"{'photo, print, drawing': 'https://www.loc.gov/search/?fa=original_format:photo,+print,+drawing&fo=json'}",Image,No known restrictions on images made by the U.S. Government; images     copied from other sources may be restricted.    https://www.loc.gov/rr/print/res/114_habs.html,https://tile.loc.gov/storage-services/service/pnp/habshaer/dc/dc0100/dc0121/color/376695cv.jpg#h=1024&w=752,"['boucher, jack e', 'historic american buildings survey', 'price, virginia b', 'smithmeyer & pelz']",Not found,"['educational facilities', 'stone buildings', 'education', 'colleges\n\n', 'District Of Columbia -- District Of Columbia -- Washington']",Historic American Buildings Survey (Library of Congress),https://www.loc.gov/pictures/item/dc0121/,"['Significance: Healy Building is the most prominent structure on the University campus and a picturesque landmark for all Georgetown.  Its construction marked the evolution of the school toward true University status.  It was designed by the architects Smithmeyer and Pelz, who also designed the Library of Congress.   ', 'Survey number: HABS DC-248 ', 'Building/structure dates: 1877 Initial Construction ', 'National Register of Historic Places NRIS Number: 67000025 ']"
Item,2024-12-14,item-metadata\item_metadata-hhh.hi0135.photos.json,hi0135,"Mother Marianne Library, Moloka'i Island, Kalaupapa, Kalawao County, HI",Not found,https://www.loc.gov/item/hi0135/,"{'photo, print, drawing': 'https://www.loc.gov/search/?fa=original_format:photo,+print,+drawing&fo=json'}",Image,No known restrictions on images made by the U.S. Government; images     copied from other sources may be restricted.    https://www.loc.gov/rr/print/res/114_habs.html,https://tile.loc.gov/storage-services/service/pnp/habshaer/hi/hi0100/hi0135/photos/058276pv.jpg#h=733&w=1024,['historic american buildings survey'],Not found,"['libraries', 'Hawaii -- Kalawao County -- Kalaupapa']",Historic American Buildings Survey (Library of Congress),https://www.loc.gov/pictures/item/hi0135/,"['Survey number: HABS HI-101 ', 'Building/structure dates: 1965 Initial Construction ', 'National Register of Historic Places NRIS Number: 76002145 ']"
Item,2024-12-14,item-metadata\item_metadata-hhh.il0998.sheet.json,il0998,"Paxton Carnegie Library, 254 South Market Street, Paxton, Ford County, IL",Not found,https://www.loc.gov/item/il0998/,"{'photo, print, drawing': 'https://www.loc.gov/search/?fa=original_format:photo,+print,+drawing&fo=json'}",Image,No known restrictions on images made by the U.S. Government; images     copied from other sources may be restricted.    https://www.loc.gov/rr/print/res/114_habs.html,https://tile.loc.gov/storage-services/service/pnp/habshaer/il/il0900/il0998/sheet/00001v.jpg#h=678&w=1024,"['bricker, brodie', 'dean, travis', 'halkyard, shellie', 'historic american buildings survey', 'humayun, adnahn', 'johnson, jarrell', 'kapp, paul hardin', 'kirby, shaefer', 'mann, laura', 'moratz, paul o.', 'nurse, lauren', 'pratt, curt', 'scott, theresa', 'timmerman, john', 'weir, krista']",Not found,"['libraries', 'Classical Revival architectural elements', 'Beaux-Arts architectural elements', 'Illinois -- Ford County -- Paxton']",Historic American Buildings Survey (Library of Congress),https://www.loc.gov/pictures/item/il0998/,"['STORED ON SITE. mchr', '2012 Charles E. Peterson Prize, Entry', 'Significance: The Paxton Carnegie Library is locally significant under Criterion A and C.  It is significant for educational purposes in its role in providing library services to the citizens of Paxton.  The building is also significant as a local architectural example of the Classic Revival/Beaus Arts style.  In addition, it is an example of a ""Carnegie Library"", meeting the criteria of the Carnegie Library property type.  The period of significance for the building is 1904, when it was built ', 'Unprocessed Field note material exists for this structure: N1830 ', 'Survey number: HABS IL-329 ', 'Building/structure dates: 1904 Initial Construction ']"
Item,2024-12-14,item-metadata\item_metadata-hhh.ks0072.photos.json,ks0072,"Paola Free Library, 101 East Peoria Street, Paola, Miami County, KS",Not found,https://www.loc.gov/item/ks0072/,"{'photo, print, drawing': 'https://www.loc.gov/search/?fa=original_format:photo,+print,+drawing&fo=json'}",Image,No known restrictions on images made by the U.S. Government; images     copied from other sources may be restricted.    https://www.loc.gov/rr/print/res/114_habs.html,https://tile.loc.gov/storage-services/service/pnp/habshaer/ks/ks0000/ks0072/photos/069905pv.jpg#h=815&w=1024,"['collins, dan', 'fordyce brothers', 'gardiner, allen', 'historic american buildings survey', 'koupal, howard', 'smith, martha', 'sponable, john w', 'washburn, george putnam']",Not found,"['libraries', 'brick buildings', 'reading', 'Kansas -- Miami County -- Paola']",Historic American Buildings Survey (Library of Congress),https://www.loc.gov/pictures/item/ks0072/,"[""Significance: The Paola Free Library was designed by George Putnam Washburn, a prominent Kansas architect who designed 13 of Kansas' 105 courthouses.  The corner tower of the library is typical of Washburn's work and was designed late in his career.  The building serves as one of the cultural centers in Paola, and the library serves patrons from the surrounding countryside and villages as well as the citizens of Paola. "", 'Survey number: HABS KS-52 ', 'Building/structure dates: 1905-1906 Initial Construction ']"
Item,2024-12-14,item-metadata\item_metadata-hhh.me0057.photos.json,me0057,"Hubbard Free Library, 115 Second Street, Hallowell, Kennebec County, ME",Not found,https://www.loc.gov/item/me0057/,"{'photo, print, drawing': 'https://www.loc.gov/search/?fa=original_format:photo,+print,+drawing&fo=json'}",Image,No known restrictions on images made by the U.S. Government; images     copied from other sources may be restricted.    https://www.loc.gov/rr/print/res/114_habs.html,https://tile.loc.gov/storage-services/service/pnp/habshaer/me/me0000/me0057/photos/088141pv.jpg#h=814&w=1024,"['berry, john w', 'bisgrove, mark c', 'bodwell, j r', 'currier, alexander c', 'historic american buildings survey', 'hubbard, thomas h', 'lewis, edwin e', 'lowell, eliza', 'mast, alan', 'scmacher', 'shettleworth, earle g']",Not found,"['libraries', 'stone buildings (granite)', 'Latin cross buildings', 'accidents', 'Maine -- Kennebec County -- Hallowell']",Historic American Buildings Survey (Library of Congress),https://www.loc.gov/pictures/item/me0057/,"['Significance: The Library is a notable example of the Victorian Gothic idiom of the 1870s, more especially since an ecclesiastical form is used for a civic structure. The original (1878-79) building in its exterior form resembled a chapel; the two successive additions (1893-94; 1897-98) continued the analogy by presenting a structure that appears to be a small church with transept and extended chapel (or Lady Chapel). Its fine masonry exterior is complemented by an interior that presents exposed trusswork, contemporary stained glass, and stencil decoration.  ', 'Survey number: HABS ME-158 ', 'Building/structure dates:    1878- 1879 Initial Construction ', 'Building/structure dates:    1893- 1894 Subsequent Work ', 'Building/structure dates: after. 1900- before. 1920 Subsequent Work ', 'Building/structure dates: 1897-1898 Subsequent Work ']"
Item,2024-12-14,item-metadata\item_metadata-hhh.nj0089.photos.json,nj0089,"Princeton University, Library, Nassau Street between Witherspoon & Tulane Streets, Princeton, Mercer County, NJ",Not found,https://www.loc.gov/item/nj0089/,"{'photo, print, drawing': 'https://www.loc.gov/search/?fa=original_format:photo,+print,+drawing&fo=json'}",Image,No known restrictions on images made by the U.S. Government; images     copied from other sources may be restricted.    https://www.loc.gov/rr/print/res/114_habs.html,https://tile.loc.gov/storage-services/service/pnp/habshaer/nj/nj0000/nj0089/photos/107604pv.jpg#h=733&w=1024,['historic american buildings survey'],Not found,"['colleges\n\n', 'libraries', 'New Jersey -- Mercer County -- Princeton']",Historic American Buildings Survey (Library of Congress),https://www.loc.gov/pictures/item/nj0089/,['Survey number: HABS NJ-791 ']
Item,2024-12-14,item-metadata\item_metadata-hhh.nv0134.photos.json,nv0134,"Hawthorne Naval Ammunition Depot, Babbitt Housing Area, Library, U.S. Highway 95, Hawthorne, Mineral County, NV",Not found,https://www.loc.gov/item/nv0134/,"{'photo, print, drawing': 'https://www.loc.gov/search/?fa=original_format:photo,+print,+drawing&fo=json'}",Image,No known restrictions on images made by the U.S. Government; images     copied from other sources may be restricted.    https://www.loc.gov/rr/print/res/114_habs.html,https://tile.loc.gov/storage-services/service/pnp/habshaer/nv/nv0100/nv0134/photos/043970pv.jpg#h=819&w=1024,"['freeman, joe c', 'historic american buildings survey', 'maul, david']",Not found,"['libraries', 'wooden buildings', 'reading', 'housing', 'Nevada -- Mineral County -- Hawthorne']",Historic American Buildings Survey (Library of Congress),https://www.loc.gov/pictures/item/nv0134/,"['Survey number: HABS NV-23-H ', 'Building/structure dates: 1944 Initial Construction ']"
Item,2024-12-14,item-metadata\item_metadata-hhh.ok0012.sheet.json,ok0012,"Carnegie Library, 402 East Oklahoma Avenue, Guthrie, Logan County, OK",Not found,https://www.loc.gov/item/ok0012/,"{'photo, print, drawing': 'https://www.loc.gov/search/?fa=original_format:photo,+print,+drawing&fo=json&q=hhh.ok0012'}",Image,No known restrictions on images made by the U.S. Government; images     copied from other sources may be restricted.    https://www.loc.gov/rr/print/res/114_habs.html,https://tile.loc.gov/storage-services/service/pnp/habshaer/ok/ok0000/ok0012/photos/129399pv.jpg#h=833&w=1024,"['barrett, william edmund', 'bennett, j. h.', 'frantz, frank', 'gryb, barry r.', 'haggard, john c.', 'haskell, charles n.', 'historic american buildings survey', 'hnedak, john d.', 'lillie, f. b.', 'new york hardware company', 'oklahoma historical society', 'robbins, john c.', 'smith, julian', 'takenaka, howard m.', 'vandenburg, h. j.', 'wenner, fred l.']",Not found,"['libraries', 'brick buildings', 'stone buildings (sandstone)', 'reading', 'philanthropy', 'storage', 'galleries & museums', 'Oklahoma--Logan County--Guthrie']",Historic American Buildings Survey (Library of Congress),https://www.loc.gov/pictures/item/ok0012/,"[""Significance: This Second Renaissance Revival structure was the scene of numerous historic events: the inauguration of both the last of the territorial governors and the first Governor of Statehood Oklahoma.  The second Carnegie library in Oklahoma, it grew from the efforts of the organizers of one of the earliest libraries in Oklahoma, to which it is successor.  It is remarkable for the number of ways in which it diverges from Andrew Carnegie's ideas of what a library building should be. "", 'Unprocessed Field note material exists for this structure: FN-14, FN-15 ', 'Survey number: HABS OK-14 ', 'Building/structure dates:    1902- 1903 Initial Construction ', 'Building/structure dates: after 1948 Subsequent Work ']"
Item,2024-12-14,item-metadata\item_metadata-hhh.ri0071.photos.json,ri0071,"Redwood Library, 50 Bellevue Avenue, Newport, Newport County, RI",Not found,https://www.loc.gov/item/ri0071/,"{'photo, print, drawing': 'https://www.loc.gov/search/?fa=original_format:photo,+print,+drawing&fo=json'}",Image,No known restrictions on images made by the U.S. Government; images     copied from other sources may be restricted.    https://www.loc.gov/rr/print/res/114_habs.html,https://tile.loc.gov/storage-services/service/pnp/habshaer/ri/ri0000/ri0071/photos/144412pv.jpg#h=732&w=1024,"['divoll, leslie', 'dufais, john', 'harrison, peter', 'historic american buildings survey', 'hite, gerron s', 'leboeuf, arthur w', 'mason, george c', 'overby, osmund r', 'rhode island historical preservation commission', 'robinson, cervin', 'sanford, thomas j', 'slade, susan r', 'slade, thomas m', 'snell, george', 'unknown']",Not found,"['libraries', 'Doric order', 'porticoes (porches)', 'wood structural frames', 'shed roofs', 'sash windows', 'paneled doors', 'Georgian architectural elements', 'Rhode Island--Newport County--Newport']",Historic American Buildings Survey (Library of Congress),https://www.loc.gov/pictures/item/ri0071/,"['Significance: The Redwood Library is a notable specimen of the architectural taste of the early 18th century.  As an important work of the architect Peter Harrison, it is a key building in the introduction of English Georgian architecture in America. ', 'Unprocessed Field note material exists for this structure: FN-42 ', 'Survey number: HABS RI-100 ', 'Building/structure dates: 1749 Initial Construction ', 'Building/structure dates: 1859 Subsequent Work ', 'Building/structure dates: 1875 Subsequent Work ', 'Building/structure dates: 1912 Subsequent Work ', 'National Register of Historic Places NRIS Number: 66000015 ']"
Item,2024-12-14,item-metadata\item_metadata-hhh.sc0767.photos.json,sc0767,"Carnegie Free Library, 300 East South Street, Union, Union County, SC",Not found,https://www.loc.gov/item/sc0767/,"{'photo, print, drawing': 'https://www.loc.gov/search/?fa=original_format:photo,+print,+drawing&fo=json'}",Image,No known restrictions on images made by the U.S. Government; images     copied from other sources may be restricted.    https://www.loc.gov/rr/print/res/114_habs.html,https://tile.loc.gov/storage-services/service/pnp/habshaer/sc/sc0700/sc0767/color/571307cv.jpg#h=745&w=1024,"['carnegie, andrew', 'cary, brian', 'historic american buildings survey']",Not found,"['libraries', 'South Carolina -- Union County -- Union']",Historic American Buildings Survey (Library of Congress),https://www.loc.gov/pictures/item/sc0767/,"['Significance: The Carnegie Free LIbrary was one of the first of 15 libraries established in towns throughout South Carolina  by iron and steel industrialist and philanthropist Andrew Carnegie. Andrew Carnegie provided communities all over the world with funds to build public library buildings. Other South Carolina towns with Carnegie libraries include Darlington, Kingstree, Beaufort, and Sumter. The Carnegie Free Library in Union is constructed of yellow brick with contrasting red brick and terra cotta trim. The facade has an Ionic portico in antis with a semicircular pediment bearing the name ""Carnegie Free Library."" A low octagonal dome with a finial is centered on the roof. The interior of the building was renovated in 1968, but much original fabric remains. The Carnegie Free Library in Union was listed in the National Register of Historic Places on May 19, 1983, as part of the South Street Historic District. ', 'Survey number: HABS SC-618 ', 'Building/structure dates: 1905 Initial Construction ', 'Building/structure dates: 1968 Subsequent Work ']"
Item,2024-12-14,item-metadata\item_metadata-highsm.04362.json,2010630352,"Public Library, Salt Lake City, Utah",2007-01-01,https://www.loc.gov/item/2010630352/,"{'photo, print, drawing': 'https://www.loc.gov/search/?fa=original_format:photo,+print,+drawing&fo=json'}",Image,No known restrictions on publication.,https://tile.loc.gov/image-services/iiif/service:pnp:highsm:04300:04362/full/pct:25/0/default.jpg#h=1358&w=1810,"['Highsmith, Carol M., 1946- photographer.']",Not found,"['United States--Utah--Salt Lake City', 'Libraries', 'Architecture', 'America']","Highsmith, Carol M., 1946- Carol M. Highsmith Archive.",https://www.loc.gov/pictures/item/2010630352/,"[""The Salt Lake City Public Library system's main branch building is an architecturally unique structure in Salt Lake City, Utah. Located at 210 East 400 South across from the Salt Lake City and County Building and Washington Square, and the grounds around the building is sometimes referred to as Library Square."", 'Title, date, and subjects provided by the photographer.', ""Credit line: Carol M. Highsmith's America, Library of Congress, Prints and Photographs Division."", 'Gift and purchase; Carol M. Highsmith; 2009; (DLC/PP-2010:031).', ""Forms part of: Carol M. Highsmith's America Project in the Carol M. Highsmith Archive.""]"
Item,2024-12-14,item-metadata\item_metadata-highsm.18384.json,2013646466,"George Peabody Library, formerly the Library of the Peabody Institute of the City of Baltimore, is part of the Johns Hopkins Sheridan Libraries. Baltimore, Maryland",2012-01-01,https://www.loc.gov/item/2013646466/,"{'photo, print, drawing': 'https://www.loc.gov/search/?fa=original_format:photo,+print,+drawing&fo=json'}",Image,No known restrictions on publication.,https://tile.loc.gov/image-services/iiif/service:pnp:highsm:18300:18384/full/pct:25/0/default.jpg#h=1940&w=2582,"['Highsmith, Carol M., 1946- photographer.']",Not found,"['United States--Maryland--Baltimore', 'America', 'George Peabody Library', 'Bartlett-Robbins Company', 'Cast iron', 'Johns Hopkins Sheridan Libraries', 'Libraries']","Highsmith, Carol M., 1946- Carol M. Highsmith Archive.",https://www.loc.gov/pictures/item/2013646466/,"['In 1857 George Peabody, a Massachusetts-born philanthropist, dedicated the Peabody Institute to the citizens of Baltimore in appreciation of their """"kindness and hospitality."""" The Peabody Library building, which opened in 1878, was designed by Baltimore architect Edmund G. Lind in collaboration with the first provost, Dr. Nathaniel H. Morison. Renowned for its striking architectural interior, the Peabody Stack Room contains five tiers of ornamental cast-iron balconies, which rise dramatically to the skylight 61 feet above the floor. The ironwork was fabricated by the Bartlett-Robbins Company.', 'Title, date, subject note, and keywords based on information provided by the photographer.', 'Credit line: Photographs in the Carol M. Highsmith Archive, Library of Congress, Prints and Photographs Division.', 'Gift and purchase; Carol M. Highsmith; 2012; (DLC/PP-2012:107).', 'Forms part of the Carol M. Highsmith Archive.']"
Item,2024-12-14,item-metadata\item_metadata-highsm.18402.json,2013646484,"Interior of the Hutzler Reading room located in Gilman Hall, on the Johns Hopkins University campus in Baltimore, Maryland",2012-01-01,https://www.loc.gov/item/2013646484/,"{'photo, print, drawing': 'https://www.loc.gov/search/?fa=original_format:photo,+print,+drawing&fo=json'}",Image,No known restrictions on publication.,https://tile.loc.gov/image-services/iiif/service:pnp:highsm:18400:18402/full/pct:25/0/default.jpg#h=1024&w=1536,"['Highsmith, Carol M., 1946- photographer.']",Not found,"['United States--Maryland--Baltimore', 'America', 'Albert D. Hutzler Reading Room', 'Gilman Hall', 'Homewood campus', 'Johns Hopkins Sheridan Libraries', 'Libraries', 'The HUT']","Highsmith, Carol M., 1946- Carol M. Highsmith Archive.",https://www.loc.gov/pictures/item/2013646484/,"['Located in Gilman Hall and designed by Douglas Thomas. Construction of Gilman Hall began in 1913, and the building was dedicated on May 21, 1915, and named for Daniel Coit Gilman, the first president of the university.  Commonly referred to as ""The HUT,"" the Albert D. Hutzler Reading Room is open on a 24-hour basis during the academic year.', 'Title, date, subject note, and keywords based on information provided by the photographer.', 'Credit line: Photographs in the Carol M. Highsmith Archive, Library of Congress, Prints and Photographs Division.', 'Gift and purchase; Carol M. Highsmith; 2012; (DLC/PP-2012:107).', 'Forms part of the Carol M. Highsmith Archive.']"
Item,2024-12-14,item-metadata\item_metadata-highsm.20216.json,2012631625,"Norfolk Library, Norfolk, Connecticut",2011-01-01,https://www.loc.gov/item/2012631625/,"{'photo, print, drawing': 'https://www.loc.gov/search/?fa=original_format:photo,+print,+drawing&fo=json'}",Image,No known restrictions on publication.,https://tile.loc.gov/image-services/iiif/service:pnp:highsm:20200:20216/full/pct:25/0/default.jpg#h=772&w=1551,"['Highsmith, Carol M., 1946- photographer.']",Not found,"['United States--Connecticut--Norfolk', 'America', 'The Norfolk Library']","Highsmith, Carol M., 1946- Carol M. Highsmith Archive.",https://www.loc.gov/pictures/item/2012631625/,"['Title, date, and keywords provided by the photographer.', ""Credit line: The George F. Landegger Collection of Connecticut Photographs in the Carol M. Highsmith's America, Library of Congress, Prints and Photographs Division."", 'Gift; George F. Landegger; 2011; (DLC/PP-2011:166).', ""Forms part of: George F. Landegger Collection of Connecticut Photographs in Carol M. Highsmith's America Project in the Carol M. Highsmith Archive.""]"
Item,2024-12-14,item-metadata\item_metadata-highsm.20336.json,2012630017,"Noyes Library for Young Children, Kensington, Maryland",2011-01-01,https://www.loc.gov/item/2012630017/,"{'photo, print, drawing': 'https://www.loc.gov/search/?fa=original_format:photo,+print,+drawing&fo=json'}",Image,No known restrictions on publication.,https://tile.loc.gov/image-services/iiif/service:pnp:highsm:20300:20336/full/pct:25/0/default.jpg#h=829&w=1540,"['Highsmith, Carol M., 1946- photographer.']",Not found,"['United States--Maryland--Kensington', 'America', 'Libraries']","Highsmith, Carol M., 1946- Carol M. Highsmith Archive.",https://www.loc.gov/pictures/item/2012630017/,"[""A charming one-room library, it is Montgomery County's oldest, and is now an historic landmark surrounded by old trees and turreted Victorian homes."", 'Title, date, subject note, and keywords provided by the photographer.', 'Credit line: Photographs in the Carol M. Highsmith Archive, Library of Congress, Prints and Photographs Division.', 'Purchase; Carol M. Highsmith; 2011; (DLC/PP-2011:182).', 'Forms part of the Carol M. Highsmith Archive.']"
Item,2024-12-14,item-metadata\item_metadata-highsm.20483.json,2012630164,"Patterson Park Branch of the Enoch Pratt Free Library System located on the eastern side of Library Square, Baltimore, Maryland",2011-01-01,https://www.loc.gov/item/2012630164/,"{'photo, print, drawing': 'https://www.loc.gov/search/?fa=original_format:photo,+print,+drawing&fo=json'}",Image,No known restrictions on publication.,https://tile.loc.gov/image-services/iiif/service:pnp:highsm:20400:20483/full/pct:25/0/default.jpg#h=1028&w=1536,"['Highsmith, Carol M., 1946- photographer.']",Not found,"['United States--Maryland--Baltimore', 'America', 'Enoch Pratt', 'Libraries']","Highsmith, Carol M., 1946- Carol M. Highsmith Archive.",https://www.loc.gov/pictures/item/2012630164/,"['The library shares a four-block-long strip of greenspace formed by Linwood Avenue on the east, Fayette Street on the south and Pulaski Highway sloping on the north. Adorned with benches and lush trees, Library Square is a small section of nature in an otherwise very urban area.', 'Title, date, subject note, and keywords provided by the photographer.', 'Credit line: Photographs in the Carol M. Highsmith Archive, Library of Congress, Prints and Photographs Division.', 'Purchase; Carol M. Highsmith; 2011; (DLC/PP-2011:182).', 'Forms part of the Carol M. Highsmith Archive.']"
Item,2024-12-14,item-metadata\item_metadata-highsm.20497.json,2012630178,"Handley Library, Winchester, Virginia",2011-01-01,https://www.loc.gov/item/2012630178/,"{'photo, print, drawing': 'https://www.loc.gov/search/?fa=original_format:photo,+print,+drawing&fo=json'}",Image,No known restrictions on publication.,https://tile.loc.gov/image-services/iiif/service:pnp:highsm:20400:20497/full/pct:50/0/default.jpg#h=2395&w=2053,"['Highsmith, Carol M., 1946- photographer.']",Not found,"['United States--Virginia--Winchester', 'Handley Library', 'America', 'Libraries']","Highsmith, Carol M., 1946- Carol M. Highsmith Archive.",https://www.loc.gov/pictures/item/2012630178/,"['Judge John Handley of Scranton, Pa. left $250,000 to open this Public Library. Architects J. Stewart Barney and Henry Otis Chapman of New York designed the building in the Beaux-Arts style. The building opened in 1913, and an addition was added in 1979. A complete renovation designed by Dennis Kowal Architects, was completed in 2001.', 'Title, date, subject note, and keywords provided by the photographer.', 'Credit line: Photographs in the Carol M. Highsmith Archive, Library of Congress, Prints and Photographs Division.', 'Purchase; Carol M. Highsmith; 2011; (DLC/PP-2011:182).', 'Forms part of the Carol M. Highsmith Archive.']"
Item,2024-12-14,item-metadata\item_metadata-highsm.24333.json,2013631511,"Tower of the Central Library, Los Angeles, California",2013-01-01,https://www.loc.gov/item/2013631511/,"{'photo, print, drawing': 'https://www.loc.gov/search/?fa=original_format:photo,+print,+drawing&fo=json'}",Image,No known restrictions on publication.,https://tile.loc.gov/image-services/iiif/service:pnp:highsm:24300:24333/full/pct:50/0/default.jpg#h=1514&w=1207,"['Highsmith, Carol M., 1946- photographer.']",Not found,"['United States--California--Los Angeles', 'Los Angeles Central Library', 'Libraries', 'America']","Highsmith, Carol M., 1946- Carol M. Highsmith Archive.",https://www.loc.gov/pictures/item/2013631511/,"['Title, date, and keywords provided by the photographer.', ""Credit line: The Jon B. Lovelace Collection of California Photographs in Carol M. Highsmith's America Project, Library of Congress, Prints and Photographs Division."", 'Gift; The Capital Group Companies Charitable Foundation in memory of Jon B. Lovelace; 2012; (DLC/PP-2012:063).', ""Forms part of: Jon B. Lovelace Collection of California Photographs in Carol M. Highsmith's America Project in the Carol M. Highsmith Archive.""]"
Item,2024-12-14,item-metadata\item_metadata-highsm.29207.json,2014633407,"The easily identifiable (thanks to its huge artistic sign) downtown J. Erik Jonsson Central Library, across from City Hall",2014-01-01,https://www.loc.gov/item/2014633407/,"{'photo, print, drawing': 'https://www.loc.gov/search/?fa=original_format:photo,+print,+drawing&fo=json'}",Image,No known restrictions on publication.,https://tile.loc.gov/image-services/iiif/service:pnp:highsm:29200:29207/full/pct:25/0/default.jpg#h=1840&w=1228,"['Highsmith, Carol M., 1946- photographer.']",Not found,"['United States--Texas--Dallas', 'J. Erik Jonsson Central Library', 'Libraries', 'Dallas Central Library', 'America']","Highsmith, Carol M., 1946- Carol M. Highsmith Archive.",https://www.loc.gov/pictures/item/2014633407/,"['Title, date, and keywords based on information provided by the photographer.', 'Having outgrown its central library, the city library system built this one and opened it in 1982. It was one of the first libraries in the country to have an on-line catalog system and state-of-the-art audiovisual capabilities. The Library was renamed in 1986 in honor of J. Erik Jonsson, a former mayor who played a key role in its development.', ""Credit line: The Lyda Hill Texas Collection of Photographs in Carol M. Highsmith's America Project, Library of Congress, Prints and Photographs Division."", 'Gift; The Lyda Hill Foundation; 2014; (DLC/PP-2014:054).', ""Forms part of: Lyda Hill Texas Collection of Photographs in Carol M. Highsmith's America Project in the Carol M. Highsmith Archive.""]"
Item,2024-12-14,item-metadata\item_metadata-highsm.31350.json,2015631425,"The public library in Shepherdstown, West Virginia",2015-01-01,https://www.loc.gov/item/2015631425/,"{'photo, print, drawing': 'https://www.loc.gov/search/?fa=original_format:photo,+print,+drawing&fo=json'}",Image,No known restrictions on publication.,https://tile.loc.gov/image-services/iiif/service:pnp:highsm:31300:31350/full/pct:25/0/default.jpg#h=1228&w=1642,"['Highsmith, Carol M., 1946- photographer.']",Not found,"['United States--West Virginia--Shepherdstown', 'America', 'Shepherdstown Public Library', 'Public libraries', 'Libraries', 'Shepherdstown Market House', 'Odd Fellows']","Highsmith, Carol M., 1946- Carol M. Highsmith Archive.",https://www.loc.gov/pictures/item/2015631425/,"['Title, date and keywords based on information provided by the photographer.', ""The town built the structure as a market house in 1800. In 1845 the International Order of Odd Fellows added the second story in exchange for a 999-year lease. After the town market closed in 1854, the town enclosed the stalls with brick exterior walls, and the building became a firehouse. In 1926, the Shepherdstown Women's Club obtained permission to use the building as a library, sharing the premises for some years with the town jail. The Shepherdstown Library, Inc. had the Odd Fellows' 999 year lease voided in 1962. A unique characteristic of the building remains the Odd Fellows' symbol of the Seeing Eye, peering at passersby from a semi-circular niche above the front door. Some say the eye moves."", 'Credit line: West Virginia Collection within the Carol M. Highsmith Archive, Library of Congress, Prints and Photographs Division.', 'Purchase; Carol M. Highsmith Photography, Inc.; 2015; (DLC/PP-2015:055).', 'Forms part of: West Virginia Collection within the Carol M. Highsmith Archive.']"
Item,2024-12-14,item-metadata\item_metadata-highsm.32720.json,2015632735,"Dusk view of the Robert Hoag Rawlings Public Library, built from 2000 to 2003 in Pueblo, Colorado",2015-01-01,https://www.loc.gov/item/2015632735/,"{'photo, print, drawing': 'https://www.loc.gov/search/?fa=original_format:photo,+print,+drawing&fo=json'}",Image,No known restrictions on publication.,https://tile.loc.gov/image-services/iiif/service:pnp:highsm:32700:32720/full/pct:25/0/default.jpg#h=1029&w=1530,"['Highsmith, Carol M., 1946- photographer.']",Not found,"['United States--Colorado--Pueblo', 'America', 'Robert Hoag Rawlings', 'Robert Hoag Rawlings Public Library', 'Public libraries', 'Libraries', 'Antoine Predock', 'Dusk shots']","Highsmith, Carol M., 1946- Carol M. Highsmith Archive.",https://www.loc.gov/pictures/item/2015632735/,"['Title, date and keywords based on information provided by the photographer.', 'The modernistic, five-story building offers views of the Arkansas Valley and historic Pueblo to the east, distant mountains such as Pikes Peak to the north, the Wet mountains to the west and Greenhorn and the Spanish peaks to the south. THe 109,000-square-foot facility was built on the site of the original library and retained a portion of it. It was designed by Albuquerque, New Mexico, architect Antoine Predock. Robert Hoag Rawlings was the longtime publisher of the local daily newspaper, the Pueblo Chieftain.', 'Credit line: Gates Frontiers Fund Colorado Collection within the Carol M. Highsmith Archive, Library of Congress, Prints and Photographs Division.', 'Gift; Gates Frontiers Fund; 2015; (DLC/PP-2015:068).', 'Forms part of: Gates Frontiers Fund Colorado Collection within the Carol M. Highsmith Archive.']"
Item,2024-12-14,item-metadata\item_metadata-highsm.34640.json,2017685123,"The Guernsey Branch Library, part of the Platte County library system, in Guernsey, a town in northeast Wyoming",2015-01-01,https://www.loc.gov/item/2017685123/,"{'photo, print, drawing': 'https://www.loc.gov/search/?fa=original_format:photo,+print,+drawing&fo=json'}",Image,No known restrictions on publication.,https://tile.loc.gov/image-services/iiif/service:pnp:highsm:34600:34640/full/pct:25/0/default.jpg#h=1113&w=1602,"['Highsmith, Carol M., 1946- photographer.']",Not found,"['United States--Wyoming--Platte County--Guernsey', 'America', 'Guernsey Branch Library', 'Public libraries', 'Libraries']","Highsmith, Carol M., 1946- Carol M. Highsmith Archive.",https://www.loc.gov/pictures/item/2017685123/,"['Title, date and keywords based on information provided by the photographer.', 'Credit line: Gates Frontiers Fund Wyoming Collection within the Carol M. Highsmith Archive, Library of Congress, Prints and Photographs Division.', 'Gift; Gates Frontiers Fund; 2015; (DLC/PP-2015:069).', 'Forms part of: Gates Frontiers Fund Wyoming Collection within the Carol M. Highsmith Archive.']"
Item,2024-12-14,item-metadata\item_metadata-highsm.36052.json,2017686535,"Public library building in the town of Antonito in Conejos County, Colorado, near the New Mexico border",2015-01-01,https://www.loc.gov/item/2017686535/,"{'photo, print, drawing': 'https://www.loc.gov/search/?fa=original_format:photo,+print,+drawing&fo=json'}",Image,No known restrictions on publication.,https://tile.loc.gov/image-services/iiif/service:pnp:highsm:36000:36052/full/pct:25/0/default.jpg#h=1448&w=2172,"['Highsmith, Carol M., 1946- photographer.']",Not found,"['United States--Colorado--Conejos County--Antonito', 'America', 'Library buildings']","Highsmith, Carol M., 1946- Carol M. Highsmith Archive.",https://www.loc.gov/pictures/item/2017686535/,"['Title, date and keywords based on information provided by the photographer.', 'Credit line: Gates Frontiers Fund Colorado Collection within the Carol M. Highsmith Archive, Library of Congress, Prints and Photographs Division.', 'Gift; Gates Frontiers Fund; 2015; (DLC/PP-2015:068).', 'Forms part of: Gates Frontiers Fund Colorado Collection within the Carol M. Highsmith Archive.']"
Item,2024-12-14,item-metadata\item_metadata-highsm.41101.json,2016631919,"Modernist stairway and bookstacks inside the Allen County Public Library in Fort Wayne, Indiana",2016-01-01,https://www.loc.gov/item/2016631919/,"{'photo, print, drawing': 'https://www.loc.gov/search/?fa=original_format:photo,+print,+drawing&fo=json'}",Image,No known restrictions on publication.,https://tile.loc.gov/image-services/iiif/service:pnp:highsm:41100:41101/full/pct:25/0/default.jpg#h=1448&w=2172,"['Highsmith, Carol M., 1946- photographer.']",Not found,"['United States--Indiana--Allen County--Fort Wayne', 'America', 'Allen County Public Library', 'Public libraries', 'Libraries']","Highsmith, Carol M., 1946- Carol M. Highsmith Archive.",https://www.loc.gov/pictures/item/2016631919/,"['Title, date and keywords based on information provided by the photographer.', 'Credit line: Photographs in the Carol M. Highsmith Archive, Library of Congress, Prints and Photographs Division.', 'Purchase; Carol M. Highsmith Photography, Inc.; 2016; (DLC/PP-2016:103-1).', 'Forms part of the Carol M. Highsmith Archive.']"
Item,2024-12-14,item-metadata\item_metadata-highsm.42123.json,2016632941,"An upright polar bear in Cincinnati, Ohio not at the zoo, since it's stuffed, or at the city's Museum Center, which owns the specimen, but at Cincinnati's main library",2016-01-01,https://www.loc.gov/item/2016632941/,"{'photo, print, drawing': 'https://www.loc.gov/search/?fa=original_format:photo,+print,+drawing&fo=json'}",Image,No known restrictions on publication.,https://tile.loc.gov/image-services/iiif/service:pnp:highsm:42100:42123/full/pct:25/0/default.jpg#h=1978&w=1398,"['Highsmith, Carol M., 1946- photographer.']",Not found,"['United States--Ohio--Hamilton County--Cincinnati', 'America', 'Polar bears', 'Cincinnati Main Library', 'Libraries', 'Polar bear exhibits']","Highsmith, Carol M., 1946- Carol M. Highsmith Archive.",https://www.loc.gov/pictures/item/2016632941/,"['Title, date and keywords based on information provided by the photographer.', 'It is on loan from that museum for a period of two years while the facility, at the old Union Terminal train station, is being extensively renovated.', 'Credit line: Photographs in the Carol M. Highsmith Archive, Library of Congress, Prints and Photographs Division.', 'Purchase; Carol M. Highsmith Photography, Inc.; 2016; (DLC/PP-2016:103-4).', 'Forms part of the Carol M. Highsmith Archive.']"
Item,2024-12-14,item-metadata\item_metadata-highsm.43863.json,2017880767,Historic library in the North Carolina Capitol in Raleigh,2017-01-01,https://www.loc.gov/item/2017880767/,"{'photo, print, drawing': 'https://www.loc.gov/search/?fa=original_format:photo,+print,+drawing&fo=json'}",Image,No known restrictions on publication.,https://tile.loc.gov/image-services/iiif/service:pnp:highsm:43800:43863/full/pct:25/0/default.jpg#h=2117&w=2822,"['Highsmith, Carol M., 1946- photographer.']",Not found,"['United States--North Carolina--Wake County--Raleigh', 'America', 'North Carolina Capitol', 'North Carolina capitol library', 'Capitols']","Highsmith, Carol M., 1946- Carol M. Highsmith Archive.",https://www.loc.gov/pictures/item/2017880767/,"['Title, date and keywords based on information provided by the photographer.', 'The former seat of the legislature, it still houses the offices of the governor of North Carolina governor and remains largely unchanged from its opening in 1840.', 'Purchase; Carol M. Highsmith Photography, Inc.; 2017; (DLC/PP-2016:103-7).', ""Forms part of: Carol M. Highsmith's America Project in the Carol M. Highsmith Archive."", ""Credit line: Photographs in Carol M. Highsmith's America Project in the Carol M. Highsmith Archive, Library of Congress, Prints and Photographs Division.""]"
Item,2024-12-14,item-metadata\item_metadata-highsm.48241.json,2017884872,"The Cook Memorial Library, the public library of Tamworth, New Hampshire. The 1895 Queen Anne Victorian building began as a private ""social library"" established by Parson Samuel Hidden; the building was given to the village in memory of Charles Cook, a prominent local businessman and politician",2017-01-01,https://www.loc.gov/item/2017884872/,"{'photo, print, drawing': 'https://www.loc.gov/search/?fa=original_format:photo,+print,+drawing&fo=json'}",Image,No known restrictions on publication.,https://tile.loc.gov/image-services/iiif/service:pnp:highsm:48200:48241/full/pct:25/0/default.jpg#h=2380&w=1945,"['Highsmith, Carol M., 1946- photographer.']",Not found,"['United States--New Hampshire--Tamworth', 'America', 'Cook Memorial library', 'Public libraries', 'Libraries', 'Queen Anne Style', 'Charles Cook']","Highsmith, Carol M., 1946- Carol M. Highsmith Archive.",https://www.loc.gov/pictures/item/2017884872/,"['Title, date and keywords based on information provided by the photographer.', 'Purchase; Carol M. Highsmith Photography, Inc.; 2017; (DLC/PP-2016:103-10).', ""Forms part of: Carol M. Highsmith's America Project in the Carol M. Highsmith Archive."", ""Credit line: Photographs in Carol M. Highsmith's America Project in the Carol M. Highsmith Archive, Library of Congress, Prints and Photographs Division.""]"
Item,2024-12-14,item-metadata\item_metadata-highsm.49335.json,2018663053,"Even a sculpted gila monster appears to be into reading near a Little Free Library (also known as a ""birdhouse library"") in the modest Dunbar Spring neighborhood of Tucson, Arizona",2018-01-01,https://www.loc.gov/item/2018663053/,"{'photo, print, drawing': 'https://www.loc.gov/search/?fa=original_format:photo,+print,+drawing&fo=json'}",Image,No known restrictions on publication.,https://tile.loc.gov/storage-services/service/pnp/highsm/49300/49335v.jpg#h=618&w=1024,"['Highsmith, Carol M., 1946- photographer.']",Not found,"['United States--Arizona--Tucson', 'America', 'Little free libraries', 'Birdhouse libraries', 'Gila monster sculptures', 'Hirotsune Tashima', 'Jason Butler', 'Dunbar Spring neighborhood']","Highsmith, Carol M., 1946- Carol M. Highsmith Archive.",https://www.loc.gov/pictures/item/2018663053/,"['Title, date and keywords based on information provided by the photographer.', 'Little Free Libraries, now found in thousands of American neighborhoods, are book repositories where anyone and everyone is invited to leave a book, or take one without charge. Befitting the neighborhood, the monster, created by Hirotsune Tashima and Jason Butler, is reading a poem entitled, ""The End of the Chapter"" by Paul Laurence Dunbar.', 'Title, date and keywords based on information provided by the photographer.', 'Purchase; Carol M. Highsmith Photography, Inc.; 2018; (DLC/PP-2018:005)', ""Forms part of Carol M. Highsmith's America Project in the Carol M. Highsmith Archive."", 'Credit line: Photographs in the Carol M. Highsmith Archive, Library of Congress, Prints and Photographs Division.']"
Item,2024-12-14,item-metadata\item_metadata-highsm.50410.json,2018698612,"You wouldn't guess that this is a public library, but it is, in the little Wenatchee National Forest town of [Skykomish], Washington",2018-01-01,https://www.loc.gov/item/2018698612/,"{'photo, print, drawing': 'https://www.loc.gov/search/?fa=original_format:photo,+print,+drawing&fo=json'}",Image,No known restrictions on publication.,https://tile.loc.gov/storage-services/service/pnp/highsm/50400/50410v.jpg#h=558&w=1024,"['Highsmith, Carol M., 1946- photographer.']",Not found,"['United States--Washington (State)--King County--Skykomish', 'America', 'Skykomish Public Library', 'Libraries', 'Wenatchee National Forest']","Highsmith, Carol M., 1946- Carol M. Highsmith Archive.",https://www.loc.gov/pictures/item/2018698612/,"['Title, date and keywords based on information provided by the photographer.', 'Original caption spelled location as Skynomish.', 'Purchase; Carol M. Highsmith Photography, Inc.; 2018; (DLC/PP-2016:103-13)', ""Forms part of Carol M. Highsmith's America Project in the Carol M. Highsmith Archive."", 'Credit line: Photographs in the Carol M. Highsmith Archive, Library of Congress, Prints and Photographs Division.']"
Item,2024-12-14,item-metadata\item_metadata-highsm.51772.json,2018699890,"The Route 9 Library and Innovation Center in New Castle, Delaware, defines itself as ""a community learning and resource hub""",2018-01-01,https://www.loc.gov/item/2018699890/,"{'photo, print, drawing': 'https://www.loc.gov/search/?fa=original_format:photo,+print,+drawing&fo=json'}",Image,No known restrictions on publication.,https://tile.loc.gov/storage-services/service/pnp/highsm/51700/51772v.jpg#h=570&w=1024,"['Highsmith, Carol M., 1946- photographer.']",Not found,"['United States--Delaware--New Castle County--New Castle', 'America', 'Route 9 Library and Innovation Center', 'Public libraries']","Highsmith, Carol M., 1946- Carol M. Highsmith Archive.",https://www.loc.gov/pictures/item/2018699890/,"['Title, date and keywords based on information provided by the photographer.', 'Purchase; Carol M. Highsmith Photography, Inc.; 2018; (DLC/PP-2018:052-1)', ""Forms part of Carol M. Highsmith's America Project in the Carol M. Highsmith Archive."", 'Credit line: Photographs in the Carol M. Highsmith Archive, Library of Congress, Prints and Photographs Division.']"
Item,2024-12-14,item-metadata\item_metadata-highsm.53335.json,2019631085,"Library. Herbert Hoover Federal Building located in downtown Washington, D.C.",2018-01-01,https://www.loc.gov/item/2019631085/,"{'photo, print, drawing': 'https://www.loc.gov/search/?fa=original_format:photo,+print,+drawing&fo=json'}",Image,No known restrictions on publication.,https://tile.loc.gov/storage-services/service/pnp/highsm/53300/53335v.jpg#h=1000&w=1024,"['Highsmith, Carol M., 1946- photographer.']",Not found,"['United States--District of Columbia--Washington (D.C.)', 'Herbert Hoover Federal Building', 'Federal buildings', 'GSA', 'Commerce Building', 'James A. Wetmore', 'Libraries', 'America']","Highsmith, Carol M., 1946- Carol M. Highsmith Archive.",https://www.loc.gov/pictures/item/2019631085/,"['Architect is James A Wetmore and it was built in 1930. It is known as the Commerce Building.', 'Photographed as part of an assignment for the General Services Administration.', 'Title, date and keywords based on information provided by the photographer.', 'Credit line: Photographs in the Carol M. Highsmith Archive, Library of Congress, Prints and Photographs Division.', 'Purchase; Carol M. Highsmith; 2018; (DLC/PP-2017:162-8).', 'Forms part of: Photographs in the Carol M. Highsmith Archive.']"
Item,2024-12-14,item-metadata\item_metadata-highsm.60215.json,2020723718,"The public library, with a creative book-themed facade, in the small city of Houston, Minnesota",2019-01-01,https://www.loc.gov/item/2020723718/,"{'photo, print, drawing': 'https://www.loc.gov/search/?fa=original_format:photo,+print,+drawing&fo=json'}",Image,No known restrictions on publication.,https://tile.loc.gov/storage-services/service/pnp/highsm/60200/60215v.jpg#h=741&w=1024,"['Highsmith, Carol M., 1946- photographer.']",Not found,"['United States--Minnesota --Houston', 'America', 'Houston Minnesota Public library', 'Public libraries']","Highsmith, Carol M., 1946- Carol M. Highsmith Archive.",https://www.loc.gov/pictures/item/2020723718/,"['Title, date, and keywords based on information provided by the photographer.', 'Purchase; Carol M. Highsmith Photography, Inc.; 2019; (DLC/PP-2019:069).', ""Forms part of Carol M. Highsmith's America Project in the Carol M. Highsmith Archive.""]"
Item,2024-12-14,item-metadata\item_metadata-highsm.64003.json,2020722343,"An appropriately decorated ""Bookmobile"" bus belonging to the Perry County Public Library in Hazard, a coal town of 4,500 or so population in the hills of southeastern Kentucky",2020-01-01,https://www.loc.gov/item/2020722343/,"{'photo, print, drawing': 'https://www.loc.gov/search/?fa=original_format:photo,+print,+drawing&fo=json'}",Image,No known restrictions on publication.,https://tile.loc.gov/storage-services/service/pnp/highsm/64000/64003v.jpg#h=768&w=1024,"['Highsmith, Carol M., 1946- photographer.']",Not found,"['United States--Kentucky --Perry County --Hazard', 'America', 'Bookmobiles', 'Perry County Public Library', 'Oliver Hazard Perry']","Highsmith, Carol M., 1946- Carol M. Highsmith Archive.",https://www.loc.gov/pictures/item/2020722343/,"['Title, date, keywords, and additional description details based on information provided by the photographer.', 'The small city was named for Oliver Hazard Perry (and the surrounding county is Perry County). Perry was a prominent naval hero in the early years of the American nation, famous for popularizing another mariner\'s cry, ""Don\'t give up the ship.""', 'Purchase; Carol M. Highsmith Photography, Inc.; 2020; (DLC/PP-2020:047).', ""Forms part of Carol M. Highsmith's America Project in the Carol M. Highsmith Archive.""]"
Item,2024-12-14,item-metadata\item_metadata-mrg.00432.json,2017702546,"Nampa Public Library, 11th Avenue, Nampa, Idaho",2004,https://www.loc.gov/item/2017702546/,"{'photo, print, drawing': 'https://www.loc.gov/search/?fa=original_format:photo,+print,+drawing&fo=json'}",Image,"No known restrictions on publication. For more information, see ""John Margolies Roadside America Photograph Archive - Rights and Restrictions Information"" https://www.loc.gov/rr/print/res/723_marg.html",https://tile.loc.gov/storage-services/service/pnp/mrg/00400/00432v.jpg#h=709&w=1024,"['Margolies, John, photographer.']",Not found,"['Libraries--2000-2010', 'United States--Idaho--Nampa']","Margolies, John John Margolies Roadside America photograph archive",https://www.loc.gov/pictures/item/2017702546/,"['Title, date and keywords based on information provided by the photographer.', 'Margolies categories: Libraries; Main Street.', 'Purchase; John Margolies 2007 (DLC/PP-2007:125).', 'Credit line: John Margolies Roadside America photograph archive (1972-2008), Library of Congress, Prints and Photographs Division.', 'General information about the John Margolies Roadside America photograph archive is available at http://hdl.loc.gov/loc.pnp/pp.mrg', 'Forms part of: John Margolies Roadside America photograph archive (1972-2008).']"
Item,2024-12-14,item-metadata\item_metadata-mrg.00785.json,2017702899,"Parmly Billings Library (Western Heritage Center), angle 1, Montana Avenue, Billings, Montana",2004,https://www.loc.gov/item/2017702899/,"{'photo, print, drawing': 'https://www.loc.gov/search/?fa=original_format:photo,+print,+drawing&fo=json'}",Image,"No known restrictions on publication. For more information, see ""John Margolies Roadside America Photograph Archive - Rights and Restrictions Information"" https://www.loc.gov/rr/print/res/723_marg.html",https://tile.loc.gov/storage-services/service/pnp/mrg/00700/00785v.jpg#h=697&w=1024,"['Margolies, John, photographer.']",Not found,"['Libraries--2000-2010', 'Galleries & museums--2000-2010', 'United States--Montana--Billings']","Margolies, John John Margolies Roadside America photograph archive",https://www.loc.gov/pictures/item/2017702899/,"['Title, date and keywords based on information provided by the photographer.', 'Margolies categories: Libraries; Main Street.', 'Purchase; John Margolies 2008 (DLC/PP-2008:109-1).', 'Credit line: John Margolies Roadside America photograph archive (1972-2008), Library of Congress, Prints and Photographs Division.', 'General information about the John Margolies Roadside America photograph archive is available at http://hdl.loc.gov/loc.pnp/pp.mrg', 'Forms part of: John Margolies Roadside America photograph archive (1972-2008).']"
Item,2024-12-14,item-metadata\item_metadata-mrg.00788.json,2017702902,"Library, Dickason Street, Columbus, Wisconsin",2008,https://www.loc.gov/item/2017702902/,"{'photo, print, drawing': 'https://www.loc.gov/search/?fa=original_format:photo,+print,+drawing&fo=json'}",Image,"No known restrictions on publication. For more information, see ""John Margolies Roadside America Photograph Archive - Rights and Restrictions Information"" https://www.loc.gov/rr/print/res/723_marg.html",https://tile.loc.gov/storage-services/service/pnp/mrg/00700/00788v.jpg#h=699&w=1024,"['Margolies, John, photographer.']",Not found,"['Libraries--2000-2010', 'United States--Wisconsin--Columbus']","Margolies, John John Margolies Roadside America photograph archive",https://www.loc.gov/pictures/item/2017702902/,"['Title, date and keywords based on information provided by the photographer.', 'Margolies categories: Libraries; Main Street.', 'Purchase; John Margolies 2008 (DLC/PP-2008:109-1).', 'Credit line: John Margolies Roadside America photograph archive (1972-2008), Library of Congress, Prints and Photographs Division.', 'General information about the John Margolies Roadside America photograph archive is available at http://hdl.loc.gov/loc.pnp/pp.mrg', 'Forms part of: John Margolies Roadside America photograph archive (1972-2008).']"
Item,2024-12-14,item-metadata\item_metadata-npcc.28724.json,2016851550,"Reading room for blind, Library of Congress, [Washington, D.C.]",1920-01-01,https://www.loc.gov/item/2016851550/,"{'photo, print, drawing': 'https://www.loc.gov/search/?fa=original_format:photo,+print,+drawing&fo=json'}",Image,"No known restrictions on publication. For more information, see National Photo Company Collection - Rights and Restrictions Information https://www.loc.gov/rr/print/res/275_npco.html",https://tile.loc.gov/storage-services/service/pnp/npcc/28700/28724v.jpg#h=788&w=1024,[],Not found,['United States--District of Columbia--Washington (D.C.)'],National Photo Company Collection (Library of Congress),//www.loc.gov/pictures/item/2016851550/,"['Title from unverified data provided by the National Photo Company on the negative or negative sleeve.', 'Date from negatives in same range.', 'Gift; Herbert A. French; 1947.', 'General information about the National Photo Company collection is available at http://hdl.loc.gov/loc.pnp/pp.npco', 'This glass negative might show streaks and other blemishes resulting from a natural deterioration in the original coatings.', 'Temp. note: Batch six.']"
Item,2024-12-14,item-metadata\item_metadata-ppbd.00600.json,2015647967,"The People's Library set up by the Occupy Wall Street protest movement in Zuccotti Park, New York City",2011,https://www.loc.gov/item/2015647967/,"{'photo, print, drawing': 'https://www.loc.gov/search/?fa=original_format:photo,+print,+drawing&fo=json'}",Image,No known restrictions on publication.,https://tile.loc.gov/storage-services/service/pnp/ppbd/00600/00600v.jpg#h=1024&w=765,"['Sierra, Teri, photographer']",Not found,[],Not found,https://www.loc.gov/pictures/item/2015647967/,"['This catalog record contains preliminary data.', 'Title devised by Library staff.', 'One of two digital photographs from October 2011 showing several plastic tubs of reading material below a cardboard sign: ""The People\'s Library"" and plastic tubs of reading material, covered from the weather.', 'Gift; Teri Sierra; 2015; (DLC/PP-2015:076).']"
Item,2024-12-14,item-metadata\item_metadata-ppmsca.15375.json,2007684791,"[Reading Room, Billings Memorial Library, University of Vermont, Burlington, Vermont]",1886-01-01,https://www.loc.gov/item/2007684791/,"{'photo, print, drawing': 'https://www.loc.gov/search/?fa=original_format:photo,+print,+drawing&fo=json'}",Image,No known restrictions on publication.,https://tile.loc.gov/storage-services/service/pnp/ppmsca/15300/15375v.jpg#h=1024&w=823,"['Richardson, H. H. (Henry Hobson), 1838-1886, architect.']",Not found,"['University of Vermont--Libraries--Facilities--1880-1890', 'Libraries--Vermont--Burlington--1880-1890', 'Reading rooms--Vermont--Burlington--1880-1890']",Not found,https://www.loc.gov/pictures/item/2007684791/,['Title devised by Library staff.']
Item,2024-12-14,item-metadata\item_metadata-ppmsca.15412.json,2007684172,"[Carnegie library in Pittsburgh, Pennsylvania]",1900-01-01,https://www.loc.gov/item/2007684172/,"{'photo, print, drawing': 'https://www.loc.gov/search/?fa=original_format:photo,+print,+drawing&fo=json'}",Image,No known restrictions on publication.,https://tile.loc.gov/storage-services/service/pnp/ppmsca/15400/15412v.jpg#h=779&w=1024,[],"Photograph shows a reading room filled with children and young adults in the Pittsburgh, Pennsylvania, Carnegie library. Creating the first fully developed children's department in 1899 is one of the  historic milestones claimed by the Pittsburgh Carnegie Library.","['Public libraries--Pennsylvania--Pittsburgh--1900-1910', 'Carnegie libraries--Pennsylvania--Pittsburgh--1900-1910', 'Reading rooms--Pennsylvania--Pittsburgh--1900-1910']",Not found,https://www.loc.gov/pictures/item/2007684172/,['Title devised by Library staff.']
Item,2024-12-14,item-metadata\item_metadata-ppmsca.15426.json,2007682033,Main entrance. Boston Public Library,1895-01-01,https://www.loc.gov/item/2007682033/,"{'photo, print, drawing': 'https://www.loc.gov/search/?fa=original_format:photo,+print,+drawing&fo=json'}",Image,No known restrictions on publication.,https://tile.loc.gov/storage-services/service/pnp/ppmsca/15400/15426v.jpg#h=1024&w=822,[],Photograph shows the staircase corridor at the main entrance of the Boston Public Library.,"['Boston Public Library.--1890-1900', 'Libraries--Massachusetts--Boston--1890-1900', 'Public libraries--Massachusetts--Boston--1890-1900', 'Stairways--Massachusetts--Boston--1890-1900']",Not found,https://www.loc.gov/pictures/item/2007682033/,"['26619 U.S. Copyright Office.', '69479-B-1 U.S. Copyright Office.', 'Title from item.', 'Copyright 1895 by Charles Pollock, Boston.']"
Item,2024-12-14,item-metadata\item_metadata-ppmsca.18016.json,2008678216,"The Library of Congress, Washington",1902-01-01,https://www.loc.gov/item/2008678216/,"{'photo, print, drawing': 'https://www.loc.gov/search/?fa=original_format:photo,+print,+drawing&fo=json'}",Image,No known restrictions on publication.,https://tile.loc.gov/storage-services/service/pnp/ppmsca/18000/18016v.jpg#h=755&w=1024,['Detroit Photographic Co'],Not found,"['Library of Congress Thomas Jefferson Building (Washington, D.C.)', 'Libraries', 'United States--Washington (D.C.)']",Not found,https://www.loc.gov/pictures/item/2008678216/,"['Copyright 1902 by Detroit Photographic Co.', 'Title from item.', 'Title on inventory list: Library of Congress.', 'Similar image in LOT 12659 (LC-USZC4-12221).', 'Detroit Publishing Co. no. ""53209"".', 'Forms part of: Photochrom Print Collection.', 'More information about the Photochrom Print Collection is available at http://hdl.loc.gov/loc.pnp/pp.pgz']"
Item,2024-12-14,item-metadata\item_metadata-ppmsca.35590.json,96514755,"[Carnegie library, (Taunton, Mass.). Elevation]",1903-01-01,https://www.loc.gov/item/96514755/,"{'photo, print, drawing': 'https://www.loc.gov/search/?fa=original_format:photo,+print,+drawing&fo=json'}",Image,No known restrictions on publication.,https://tile.loc.gov/storage-services/service/pnp/ppmsca/35500/35590v.jpg#h=642&w=1024,"['Ross, Albert Randolph, 1869-1948, architect.']","Front elevation of library building, Taunton, Mass., built in 1903 The inscriptions on the building, ""Open Free to All"" and ""Bibliotheca Fons Eruditionis"" (The Library is a fountain of learning) reflect the importance of public libraries to their communities. Ross specialized in library design and had completed buildings in at least 12 cities by 1906. ""This design demonstrates his ability to achieve monumental effect in a structure of modest size."" (Source: Eyes of the nation) The Carnegie grant given in 1902 provided $70,000.",['Libraries--Massachusetts--Taunton--1900-1910'],Not found,https://www.loc.gov/pictures/item/96514755/,"['Title devised by Library staff.', 'Published in: Eyes of the nation : a visual history of the United States / Vincent Virga and curators of the Library of Congress ; historical commentary by Alan Brinkley. New York : Knopf, 1997, p. 219.', 'Exhibited: American Treasures of the Library of Congress, Washington, D.C., 2003-2004.', 'Exhibited: ""Andrew Carnegie : The Legacy That Changed the World"" at The Scottish Parliament, Main Hall, Edinburgh, Scotland, October 2013 - January 2014.', 'Unprocessed in PR 13 CN 1990:175 (CGL28673.18.1).']"
Item,2024-12-14,item-metadata\item_metadata-ppmscd.00084.json,2009632000,"[Interior view of library reading room with male and female students sitting at tables, reading, at the Tuskegee Institute]",1902-01-01,https://www.loc.gov/item/2009632000/,"{'photo, print, drawing': 'https://www.loc.gov/search/?fa=original_format:photo,+print,+drawing&fo=json'}",Image,No known restrictions on publication.,https://tile.loc.gov/storage-services/service/pnp/ppmscd/00000/00084v.jpg#h=829&w=1024,"['Johnston, Frances Benjamin, 1864-1952, photographer.']",Not found,"['Tuskegee Normal and Industrial Institute--Facilities--1900-1910', 'African Americans--Education--Alabama--Tuskegee--1900-1910', 'Libraries--Alabama--Tuskegee--1900-1910', 'Reading rooms--Alabama--Tuskegee--1900-1910', 'Students--Alabama--Tuskegee--1900-1910', 'Reading--Alabama--Tuskegee--1900-1910']",Not found,//www.loc.gov/pictures/item/2009632000/,"['Title devised by Library staff.', 'Corresponding photoprint is filed in LOT 2962.', 'Forms part of: Frances Benjamin Johnston collection (Library of Congress).']"
